problem_id,problem_name,problem_statement,formal_formulation,observable_symptom,primary_axis,secondary_axes,axis_coupling_count,multi_axis_justification,domain_bridges,why_not_solved,primary_blocker_code,secondary_blocker_codes,data_availability,data_volume_required,compute_power_budget,benchmark_exists,blocker_nature,public_datasets,open_hardware_or_simulators,reproducibility_barrier,wet_lab_required,irb_required,cross_subject,cross_session,nonstationarity_type,missing_data_robustness,snr_regime,crowdedness,theoretical_depth,novelty_risk,new_formalism_needed,q1_potential,candidate_q1_venues,patent_potential,patent_claim_sketch,phd_neuroscience_viability,industry_hiring_relevance,funding_attractiveness,time_horizon,trend_driver,fit_score,new_skills_required,single_person_feasible,top_risks,kill_criteria,source_refs
BCI-ML-001,Cross-subject EEG foundation models,EEG foundation models fail to generalize across diverse subject populations.,In: Raw EEG. Out: Universal embeddings. Const: Zero-shot accuracy. Obj: Max generalization.,Accuracy drops >30% on unseen subjects without calibration.,ML,ML_Principles|DSP,3,Requires learning invariant representations despite massive anatomical variability.,Neuro|ML|Math,Models overfit to dataset-specific noise. True invariant features are obscured by volume conduction differences.,BT-1,BT-5|BT-8,Partially_public,10000 subjects / 100h,TOPS-scale,Partial,Fundamental,TUH|MOABB|DANDI,NA,High,No,Yes,Yes,Yes,slow,No,artifact_dominated,Emerging,High,High,Yes,H,NeurIPS|ICML|Nature Medicine,H,Method for learning volume-conduction-invariant universal EEG embeddings via contrastive learning.,H,H,H,2y,Foundation models,4,Deep learning|Neuroscience|Optimization,Yes,Data bias|Overfitting|Compute cost,Zero-shot accuracy on new subjects remains below 60%.,DeeperBrain (2024) NeurIPS|EEG-FM (2023) ICML
BCI-ML-002,Zero-calibration decoders,BCI decoders require tedious subject-specific calibration sessions.,In: Few-shot labels. Out: Control commands. Const: <1 min setup. Obj: Max immediate accuracy.,Users fail to achieve >70% accuracy in the first session.,ML,Statistical_DSP|Edge_ML,3,Requires rapid adaptation to individual neural signatures with minimal data.,Neuro|ML|Stats,Meta-learning approaches require large diverse pre-training data which is scarce for BCIs.,BT-1,BT-8|BT-9,Partially_public,100 subjects / 5h,few-mW,Partial,Mixed,MOABB|BNCI,OpenVIBE,High,No,Yes,Yes,Yes,fast,Yes,medium,Crowded,High,Med,No,H,IEEE TNSRE|JNE,H,Few-shot meta-learning framework for zero-calibration motor imagery BCI decoding.,H,H,H,Now,Usability,4,Meta-learning|Signal processing,Yes,Overfitting to priors|Slow adaptation|Task mismatch,Accuracy fails to reach 70% within the first 60 seconds of use.,Meta-learning BCI (2021) IEEE TNSRE|Bashivan (2019) Nature Neuroscience
BCI-ML-003,Federated learning for BCI privacy,Training BCI models across multiple clinics without sharing raw neural data fails due to non-IID data.,In: Local models. Out: Global model. Const: <1MB comms. Obj: Max global accuracy.,Global model performance degrades due to heterogeneous data distributions.,ML,Edge_ML|ML_Principles,3,Requires aggregating models trained on highly non-IID neural distributions.,Neuro|ML|CS,Standard FedAvg assumes IID data. Neural data varies wildly across hardware and subjects.,BT-1,BT-11|BT-9,Private_only,50 clinics / 100h,few-mW,No,Fundamental,Private clinical data,Flower|FedML,High,No,Yes,Yes,Yes,mixed,No,medium,Emerging,High,High,Yes,H,IEEE TMI|MedIA,H,Non-IID robust federated learning algorithm for heterogeneous multi-site BCI data aggregation.,H,H,H,2y,Privacy & multi-site,4,Federated learning|Distributed systems,Yes,Communication overhead|Model divergence|Privacy leaks,Global model accuracy drops >15% compared to centralized training.,Federated BCI (2022) IEEE TMI|Li (2020) FedML
BCI-ML-004,Decoding inner speech,Decoding imagined speech from EEG is confounded by unintentional inner speech and artifacts.,In: EEG during inner speech. Out: Phoneme/word. Const: Real-time. Obj: Max vocabulary.,Vocabulary size is limited to <10 words with poor accuracy.,ML,DSP|Statistical_DSP,3,Requires separating intentional neural commands from subconscious cognitive noise.,Neuro|ML|Linguistics,Inner speech lacks clear motor correlates. EEG SNR is too low to distinguish subtle phonetic features.,BT-2,BT-5|BT-8,Partially_public,50 subjects / 20h,TOPS-scale,No,Fundamental,Private inner speech datasets,NA,High,No,Yes,Yes,Yes,fast,Yes,artifact_dominated,Sparse,High,High,Yes,H,Nature BME|IEEE TNSRE,H,Deep learning architecture for disentangling intentional inner speech from subconscious cognitive artifacts.,H,H,H,5y,Inner speech BCI,3,Linguistics|Deep learning|DSP,No,Low SNR|Artifact overlap|Subject variability,Decoding accuracy for >10 words remains below 30%.,Inner speech EEG (2021) Nature BME|Cooney (2015) IEEE TNSRE
BCI-ML-005,Handling missing channels in DL,Deep learning BCI models fail catastrophically when consumer EEG channels drop out.,In: EEG with missing channels. Out: Classification. Const: Any dropout rate. Obj: Max robustness.,Accuracy drops to chance level when >2 channels are disconnected.,ML,DSP|Edge_ML,3,Requires learning representations invariant to arbitrary spatial channel dropout.,Neuro|ML|HW,Standard CNNs/Transformers expect fixed spatial input. Dropout breaks spatial convolutions and attention.,BT-4,BT-2|BT-9,Public,100 subjects / 10h,few-mW,No,Engineering,PhysioNet|MOABB,OpenBCI,High,No,No,Yes,Yes,abrupt,Yes,artifact_dominated,Emerging,Med,High,Yes,H,NeurIPS|IEEE TBioCAS,H,Graph neural network or transformer architecture robust to arbitrary spatial channel dropout in EEG.,H,H,M,Now,Consumer EEG,4,Graph neural networks|Deep learning,Yes,Over-smoothing|Computational cost|Edge cases,Accuracy drops below 50% when 3 out of 8 channels are missing.,Missing channel EEG (2022) NeurIPS|Kostas (2021) IEEE TBioCAS
BCI-ML-006,Multimodal EEG-fNIRS fusion,Combining EEG and fNIRS for BCI suffers from temporal misalignment and scale differences.,In: EEG + fNIRS. Out: State. Const: Real-time sync. Obj: Max synergy.,Fusion models underperform single-modality models due to noise.,ML,DSP|Statistical_DSP,3,Requires aligning high-temporal EEG with low-temporal hemodynamic fNIRS signals.,Neuro|ML|Physics,Different physiological origins and sampling rates make joint representation learning difficult.,BT-4,BT-8|BT-2,Partially_public,50 subjects / 5h,TOPS-scale,No,Mixed,Private multimodal data,NA,High,No,Yes,Yes,Yes,slow,No,medium,Sparse,High,High,Yes,H,IEEE TNSRE|NeuroImage,H,Cross-modal attention mechanism for temporally aligning and fusing EEG and fNIRS features.,H,M,M,2y,Multimodal BCI,3,Signal processing|Deep learning,Yes,Temporal drift|Scale mismatch|Overfitting,Combined accuracy is not significantly higher than EEG alone.,EEG-fNIRS fusion (2020) IEEE TNSRE
BCI-ML-007,Causal representation learning,BCI decoders learn spurious correlations instead of causal neural drivers.,In: Neural data. Out: Causal features. Const: Invariance to interventions. Obj: Max causal accuracy.,Decoder fails when user changes cognitive strategy or context.,ML,ML_Principles|Statistical_DSP,3,Requires distinguishing causal neural mechanisms from confounding statistical artifacts.,Neuro|ML|Stats,Standard ML optimizes for predictive accuracy -  not causal invariance. Interventions shift the distribution.,BT-5,BT-8|BT-4,Public,100 subjects / 10h,TOPS-scale,No,Fundamental,MOABB|DANDI,NA,High,No,Yes,Yes,Yes,mixed,No,medium,Sparse,High,High,Yes,H,ICML|NeurIPS|Nature Machine Intelligence,H,Algorithm for learning causally invariant neural representations robust to cognitive strategy shifts.,H,M,H,5y,Robust BCI,3,Causal inference|Deep learning|Neuroscience,Yes,Identifiability|Compute cost|Lack of ground truth,Causal model fails to outperform correlational model on out-of-distribution tasks.,Causal BCI (2023) ICML|Scholkopf (2021) Nature Machine Intelligence
BCI-ML-008,BCI illiteracy mitigation,15-30% of users cannot modulate brain signals effectively for standard BCIs.,In: User neural data. Out: Control. Const: >80% users succeed. Obj: Max inclusivity.,Users fail to reach >70% accuracy after standard training.,ML,Statistical_DSP|DSP,3,Requires adapting the BCI paradigm or decoder to individual neurophysiological anomalies.,Neuro|ML|Psych,Standard motor imagery paradigms assume typical sensorimotor rhythm generation. Illiterates lack this.,BT-5,BT-8|BT-1,Partially_public,200 subjects / 20h,few-mW,Partial,Mixed,MOABB|BNCI,OpenVIBE,High,No,Yes,Yes,Yes,slow,No,medium,Crowded,Med,Med,No,M,IEEE TNSRE|JNE,M,Personalized BCI paradigm selection and adaptive decoder tuning to overcome BCI illiteracy.,M,H,M,Now,Inclusivity,4,Machine learning|Neuroscience|Psychology,Yes,User frustration|Long calibration|Overfitting,>20% of users still fail to achieve >70% accuracy after adaptation.,BCI illiteracy (2019) IEEE TNSRE|Vidaurre (2011) JNE
BCI-ML-009,Continuous decoding of handwriting,Decoding imagined handwriting from ECoG requires modeling complex sequential kinematics.,In: ECoG. Out: Trajectory/Text. Const: Real-time. Obj: Max WPM.,Decoding speed is limited to <20 WPM with high error rates.,ML,DSP|Statistical_DSP,3,Requires mapping high-dimensional neural population dynamics to continuous kinematic trajectories.,Neuro|ML|Robotics,ECoG signals are highly non-linear. Mapping to continuous 2D trajectories requires complex RNNs/Transformers.,BT-3,BT-5|BT-8,Private_only,10 subjects / 50h,TOPS-scale,No,Mixed,Private ECoG data,NA,High,Yes,Yes,Yes,Yes,fast,No,high,Emerging,High,High,Yes,H,Nature|Nature Neuroscience,H,Transformer-based architecture for continuous kinematic trajectory decoding from ECoG populations.,H,H,H,2y,Speech/motor BCI,3,Deep learning|Kinematics|Neuroscience,Yes,Data scarcity|Overfitting|Latency,Decoding speed fails to exceed 30 WPM with <10% error rate.,Handwriting ECoG (2021) Nature|Willett (2023) Nature
BCI-ML-010,Domain adaptation for ECoG,Transferring decoders between different ECoG grid placements is highly inaccurate.,In: Source ECoG. Out: Target predictions. Const: Zero target labels. Obj: Max transfer accuracy.,Accuracy drops >40% when applied to a new patient's grid.,ML,Statistical_DSP|DSP,3,Requires aligning neural feature spaces across different anatomical electrode montages.,Neuro|ML|Math,ECoG grids are placed uniquely per patient. Spatial alignment is physically impossible without warping.,BT-5,BT-8|BT-4,Private_only,50 subjects / 20h,TOPS-scale,No,Fundamental,Private ECoG data,NA,High,Yes,Yes,Yes,Yes,slow,No,high,Sparse,High,High,Yes,H,IEEE TNSRE|NeuroImage,H,Spatial warping and domain adaptation algorithm for transferring ECoG decoders across grid montages.,H,H,H,5y,Clinical translation,3,Domain adaptation|Neuroanatomy|Math,Yes,Anatomical variability|Over-warping|Data scarcity,Transferred decoder accuracy remains below 50% for new grid placements.,ECoG domain adaptation (2022) IEEE TNSRE
BCI-Edge_ML-001,TinyML implantable spike sorting,Deploying deep learning spike sorters on sub-mW implantable MCUs is infeasible.,In: Raw ADC. Out: Spike IDs. Const: <1mW. Obj: Max accuracy.,Standard DL models exceed MCU memory and power budgets by 100x.,Edge_ML,FPGA|DSP,3,Requires extreme model compression without losing single-neuron resolution.,Neuro|ML|HW,DL models require millions of parameters. MCUs have <1MB SRAM and strict power limits.,BT-3,BT-6|BT-1,Public,100 ch / 1h,sub-mW,No,Engineering,OpenNeuro|DANDI,OpenEphys,High,No,No,Yes,Yes,slow,No,high,Emerging,High,High,No,H,IEEE TBioCAS|Nature Electronics,H,Ultra-compact binary or ternary neural network for on-chip implantable spike sorting.,H,H,H,Now,Implantable BCIs,5,Model compression|Embedded C|Neuroscience,Yes,Accuracy loss|Memory overflow|Power spike,Model size exceeds 500KB or power exceeds 2mW.,TinyML spike sorting (2022) IEEE TBioCAS|Bai (2021) Nature Electronics
BCI-Edge_ML-002,Quantization-aware EEGNet,Standard quantization destroys the spatial-temporal features in EEGNet.,In: Quantized EEG. Out: Class. Const: 8-bit or lower. Obj: Max accuracy.,Accuracy drops >20% when quantizing below 16-bit.,Edge_ML,ML|DSP,3,Requires custom quantization schemes aware of EEG's low-amplitude dynamics.,Neuro|ML|HW,EEG signals are microvolt-scale. Standard INT8 quantization clips or dithers critical neural features.,BT-4,BT-3|BT-9,Public,100 subjects / 10h,few-mW,Partial,Engineering,MOABB|BNCI,OpenVIBE,Med,No,No,Yes,Yes,slow,No,medium,Crowded,Med,Med,No,M,IEEE TBioCAS|EMBC,M,Mixed-precision quantization-aware training specifically tuned for microvolt EEG signal dynamics.,M,H,M,Now,Edge EEG,4,Quantization|Deep learning|DSP,Yes,Quantization noise|Accuracy drop|Training instability,Quantized model accuracy drops >15% compared to FP32 baseline.,Quantized EEGNet (2020) IEEE TBioCAS
BCI-Edge_ML-003,Event-driven inference on MCUs,Continuous polling of EEG sensors on MCUs wastes power during idle states.,In: Interrupts. Out: Inference. Const: <100uW idle. Obj: Max battery life.,MCU battery drains in <10 hours due to continuous ADC polling.,Edge_ML,DSP|FPGA,3,Requires redesigning the inference pipeline to be strictly interrupt-driven.,Neuro|ML|HW,Standard ML frameworks assume continuous data streams. Event-driven requires asynchronous state management.,BT-6,BT-3|BT-9,Public,50 subjects / 24h,sub-mW,No,Engineering,PhysioNet,OpenBCI,High,No,No,Yes,Yes,fast,Yes,mixed,Emerging,Med,High,No,H,IEEE JSSC|TBioCAS,H,Asynchronous event-driven inference engine for ultra-low-power wearable EEG MCUs.,H,H,H,2y,Wearable battery life,5,Embedded systems|Async programming|ML,Yes,Interrupt latency|State loss|Complexity,Idle power consumption exceeds 100uW during non-task periods.,Event-driven EEG (2021) IEEE JSSC
BCI-Edge_ML-004,Hardware-aware NAS for BCI,Neural Architecture Search for BCI ignores edge hardware constraints.,In: Search space. Out: Optimal model. Const: <100KB, <1mW. Obj: Max accuracy. - NAS finds models that are accurate but cannot run on the target edge device.,Edge_ML,ML|FPGA,3,Requires integrating hardware cost models (power&area) into the NAS reward function.,Neuro|ML|CS,Standard NAS optimizes for FLOPs or accuracy. Edge BCI requires strict SRAM and power constraints.,BT-4,BT-3|BT-6,Public,100 subjects / 10h,TOPS-scale,No,Engineering,MOABB|BNCI,NA,High,No,No,Yes,Yes,slow,No,medium,Emerging,High,High,Yes,H,NeurIPS|ICLR|IEEE TBioCAS,H,Hardware-aware Neural Architecture Search framework co-optimizing for BCI accuracy and sub-mW power.,H,H,H,2y,Edge AI,4,NAS|Embedded systems|Deep learning,Yes,Search time|Hardware proxy mismatch|Overfitting,Discovered model exceeds 1mW power budget on actual MCU hardware.,HW-NAS BCI (2022) NeurIPS|Tan (2019) ICML
BCI-Edge_ML-005,On-device federated aggregation,Aggregating TinyML BCI models on edge devices exceeds memory and compute limits.,In: Local weights. Out: Global weights. Const: <10MB RAM. Obj: Max convergence.,Edge devices crash or overheat during federated weight averaging.,Edge_ML,ML|Edge_DSP,3,Requires memory-efficient federated learning protocols for resource-constrained MCUs.,Neuro|ML|CS,Federated averaging requires loading multiple model copies into RAM. MCUs lack sufficient memory.,BT-3,BT-6|BT-11,Partially_public,100 devices / 10h,few-mW,No,Engineering,Private edge data,Flower|FedML,High,No,Yes,Yes,Yes,mixed,No,medium,Sparse,High,High,No,H,IEEE IoT-J|TBioCAS,H,Memory-efficient federated learning protocol using sequential weight averaging on MCUs.,H,M,M,5y,Privacy edge AI,3,Federated learning|Embedded C|Memory management,Yes,Memory overflow|Slow convergence|Communication cost,Device RAM usage exceeds 80% capacity during aggregation step.,On-device Fed (2023) IEEE IoT-J
BCI-Edge_ML-006,Low-power transformers for EEG,Transformer models for EEG are too computationally heavy for edge deployment.,In: EEG patches. Out: Class. Const: <5mW. Obj: Max accuracy.,Standard Transformers require >100mW -  unsuitable for wearables.,Edge_ML,ML|DSP,3,Requires designing linear-complexity or sparse attention mechanisms for EEG.,Neuro|ML|HW,Self-attention is O(N^2). EEG sequences are long -  causing massive MAC operations and power draw.,BT-3,BT-4|BT-6,Public,100 subjects / 10h,few-mW,No,Engineering,MOABB|TUH,NA,High,No,No,Yes,Yes,slow,No,medium,Emerging,High,High,Yes,H,ICLR|NeurIPS|IEEE TBioCAS,H,Linear-complexity sparse Transformer architecture optimized for low-power edge EEG decoding.,H,H,H,2y,Edge Transformers,4,Transformer optimization|Deep learning|HW-aware design,Yes,Accuracy drop|Implementation complexity|Latency,Model power consumption exceeds 10mW on edge MCU.,Lightweight EEG Transformer (2022) ICLR
BCI-Edge_ML-007,Dynamic routing in edge decoders,Static edge decoders waste power on easy EEG trials and fail on hard ones.,In: EEG. Out: Class. Const: Adaptive power. Obj: Max energy efficiency.,Energy is wasted on easy trials while hard trials suffer from under-computation.,Edge_ML,ML|Statistical_DSP,3,Requires implementing dynamic depth or early exit mechanisms in edge BCI models.,Neuro|ML|CS,Standard edge models use fixed compute. EEG difficulty varies dynamically per trial.,BT-4,BT-3|BT-8,Public,100 subjects / 10h,few-mW,No,Engineering,MOABB|BNCI,OpenVIBE,Med,No,No,Yes,Yes,fast,Yes,medium,Emerging,Med,High,Yes,H,IEEE TBioCAS|ICLR,H,Confidence-based dynamic routing and early exit mechanism for energy-proportional edge EEG decoding.,H,M,M,Now,Energy efficiency,4,Dynamic neural networks|Embedded ML,Yes,Calibration overhead|Accuracy variance|Control flow cost,Energy savings are <10% due to high early-exit misclassification rate.,Dynamic edge BCI (2023) IEEE TBioCAS
BCI-Edge_ML-008,Memory-efficient backprop on edge,On-device learning for BCI on MCUs causes memory fragmentation and OOM errors.,In: Data stream. Out: Updated weights. Const: <50KB RAM. Obj: Max learning rate.,MCU crashes during backpropagation due to activation memory overhead.,Edge_ML,ML|Edge_DSP,3,Requires memory-efficient training algorithms like memory-aware gradient checkpointing for MCUs.,Neuro|ML|CS,Standard backprop stores all activations. MCUs lack RAM for deep network training.,BT-3,BT-6|BT-4,Public,50 subjects / 5h,few-mW,No,Engineering,MOABB,NA,High,No,No,Yes,Yes,slow,No,medium,Sparse,High,High,No,H,ICML|NeurIPS|IEEE TBioCAS,H,Memory-efficient online learning algorithm using gradient checkpointing for on-device BCI adaptation.,H,H,H,5y,On-device learning,3,Memory management|Deep learning|Embedded systems,Yes,Training speed|Accuracy degradation|Implementation bug,Training step causes OOM crash or exceeds 1-second latency.,Memory-efficient edge learning (2021) ICML
BCI-Edge_ML-009,Spiking transformers for edge,Combining SNN efficiency with Transformer accuracy for edge BCI is unproven.,In: Spikes. Out: Class. Const: <1mW. Obj: Max accuracy.,SNN Transformers suffer from accuracy degradation due to non-differentiable spikes.,Edge_ML,ML|FPGA,3,Requires differentiable surrogate gradients and hardware-friendly attention for SNNs.,Neuro|ML|HW,Transformers rely on continuous softmax. SNNs use discrete spikes -  breaking attention mechanisms.,BT-4,BT-5|BT-6,Public,100 subjects / 10h,sub-mW,No,Fundamental,Neuromorphic datasets,SpikingJelly,High,No,No,Yes,Yes,mixed,No,medium,Sparse,High,High,Yes,H,NeurIPS|Nature Machine Intelligence,H,Hardware-friendly Spiking Transformer architecture using surrogate gradient attention for edge BCI.,H,H,H,5y,Neuromorphic edge,4,SNNs|Transformers|Hardware design,Yes,Accuracy gap|Training instability|Hardware mapping,Spiking Transformer accuracy remains >15% below ANN Transformer baseline.,Spiking Transformer (2022) NeurIPS
BCI-Edge_ML-010,Edge model updating via LoRA,Updating large BCI models on edge devices is impossible due to bandwidth and storage.,In: Delta weights. Out: Updated model. Const: <10KB update. Obj: Max adaptation.,Full model updates exceed wireless telemetry bandwidth of implants.,Edge_ML,ML|Edge_DSP,3,Requires applying Low-Rank Adaptation (LoRA) to update only critical BCI parameters on edge.,Neuro|ML|CS,Full model weights are too large. LoRA reduces update size but may lack capacity for neural drift.,BT-3,BT-11|BT-8,Partially_public,50 subjects / 10h,few-mW,No,Engineering,Private clinical data,NA,High,No,Yes,Yes,Yes,slow,Yes,medium,Emerging,Med,High,Yes,H,IEEE TMI|ICLR,H,Low-Rank Adaptation (LoRA) protocol for bandwidth-efficient over-the-air BCI model updates on implants.,H,H,H,2y,OTA updates,4,LoRA|Wireless comms|Deep learning,Yes,Adaptation capacity|Rank selection|Security risks,LoRA update fails to recover >5% accuracy loss caused by neural drift.,LoRA edge BCI (2023) IEEE TMI
BCI-ML_Principles-001,Information bottleneck for decoders,BCI decoders learn redundant features - violating the information bottleneck principle.,In: Neural data. Out: Class. Const: Min mutual info. Obj: Max task accuracy.,Decoder uses >50% redundant neural features - making it sensitive to noise.,ML_Principles,ML|Statistical_DSP,3,Requires formulating BCI decoding as an information bottleneck problem to learn minimal sufficient statistics.,Neuro|ML|Info Theory,Standard ML optimizes for accuracy - ignoring feature redundancy. This leads to overfitting and noise sensitivity.,BT-5,BT-4|BT-8,Public,100 subjects / 10h,TOPS-scale,No,Fundamental,MOABB|DANDI,NA,High,No,No,Yes,Yes,slow,No,medium,Sparse,High,High,Yes,H,NeurIPS|ICML|IEEE TIT,H,Information bottleneck formulation for BCI decoding to learn minimal sufficient neural statistics.,H,M,H,5y,Theoretical BCI,3,Information theory|Deep learning|Optimization,Yes,Optimization difficulty|Approximation error|Compute cost,IB decoder fails to reduce feature redundancy by >30% compared to standard ML.,Information bottleneck BCI (2022) NeurIPS
BCI-ML_Principles-002,Optimal transport for domain adaptation,Optimal transport for BCI domain adaptation is computationally intractable for large datasets.,In: Source & Target EEG. Out: Transport plan. Const: Min transport cost. Obj: Max alignment.,Entropic regularization OT takes >10s to compute for >1000 EEG trials.,ML_Principles,ML|Statistical_DSP,3,Requires developing fast - scalable optimal transport algorithms for high-dimensional EEG domain adaptation.,Neuro|ML|Math,Standard OT requires solving a large linear program. This is too slow for real-time or large-scale BCI.,BT-3,BT-4|BT-5,Public,100 subjects / 10h,TOPS-scale,No,Fundamental,MOABB|BNCI,NA,High,No,No,Yes,Yes,slow,No,medium,Emerging,High,High,Yes,H,ICML|NeurIPS|JMLR,H,Fast - scalable optimal transport algorithm for high-dimensional EEG domain adaptation in BCIs.,H,M,H,2y,Domain adaptation,3,Optimal transport|Optimization|ML,Yes,Approximation error|Scalability|Complexity,OT computation time exceeds 1s for >1000 EEG trials - breaking real-time constraints.,Scalable OT BCI (2021) ICML
BCI-ML_Principles-003,Equivariant neural networks for EEG,Standard CNNs ignore the rotational and permutation equivariance of EEG sensor layouts.,In: Raw EEG. Out: Class. Const: Equivariance. Obj: Max accuracy.,Standard CNNs fail to generalize across different EEG cap rotations or montages.,ML_Principles,ML|DSP,3,Requires designing neural architectures that explicitly enforce EEG spatial equivariance.,Neuro|ML|Math,Standard CNNs assume grid-like data. EEG sensors are on a sphere - requiring spherical or graph equivariance.,BT-5,BT-4|BT-8,Public,100 subjects / 10h,TOPS-scale,No,Fundamental,MOABB|BNCI,NA,High,No,No,Yes,Yes,slow,No,medium,Sparse,High,High,Yes,H,NeurIPS|ICLR|IEEE TNNLS,H,Equivariant neural network architecture explicitly enforcing rotational and permutation equivariance for EEG.,H,M,H,2y,Geometric deep learning,4,Group theory|Deep learning|Graph neural networks,Yes,Implementation complexity|Accuracy drop|Compute cost,Equivariant model fails to improve generalization >5% over standard CNN on rotated EEG.,Fast CNF BCI (2023) ICLR
BCI-ML_Principles-004,Continuous normalizing flows for neural data,Continuous normalizing flows (CNFs) for neural data are too slow for real-time inference.,In: Neural features. Out: Probability density. Const: Real-time. Obj: Max likelihood.,CNF ODE solvers take >100ms per sample - unusable for real-time BCI.,ML_Principles,ML|Statistical_DSP,3,Requires developing fast - approximate CNF architectures or solvers for real-time neural density estimation.,Neuro|ML|Math,CNFs require solving an ODE via numerical integration. This is inherently sequential and slow.,BT-3,BT-4|BT-6,Public,50 subjects / 5h,TOPS-scale,No,Fundamental,MOABB|Private data,NA,High,No,No,Yes,Yes,NA,No,medium,Sparse,High,High,Yes,H,ICLR|NeurIPS|JMLR,H,Fast - approximate continuous normalizing flow architecture for real-time neural density estimation in BCIs.,H,M,H,5y,Generative models,3,Normalizing flows|ODE solvers|Deep learning,Yes,Accuracy loss|Solver instability|Complexity,CNF inference latency exceeds 50ms per sample - breaking real-time BCI constraints.,
BCI-ML_Principles-005,Active learning for BCI calibration,Active learning for BCI calibration fails to account for user fatigue and non-stationarity.,In: Unlabeled EEG. Out: Query selection. Const: Min user fatigue. Obj: Max model accuracy.,Active learning queries difficult trials - frustrating users and increasing calibration time.,ML_Principles,ML|Statistical_DSP,3,Requires developing user-aware active learning principles that balance information gain and user fatigue.,Neuro|ML|Psych,Standard active learning queries high-uncertainty samples. These are often the hardest for users - causing fatigue.,BT-5,BT-8|BT-10,Public,50 subjects / 10h,few-mW,No,Mixed,MOABB|BNCI,OpenVIBE,High,No,Yes,Yes,Yes,fast,No,medium,Sparse,High,High,Yes,H,NeurIPS|IEEE TNSRE,H,User-aware active learning principle balancing information gain and user fatigue for BCI calibration.,H,H,M,Now,User-centric BCI,3,Active learning|Psychology|ML,Yes,Fatigue modeling|Overfitting|Complexity,Active learning increases user fatigue score by >20% compared to random selection.,Active learning BCI (2021) NeurIPS
BCI-ML_Principles-006,Neural tangent kernels for EEG,Neural tangent kernel (NTK) theory for EEG is unexplored - limiting understanding of DL generalization.,In: EEG data. Out: NTK matrix. Const: Infinite width. Obj: Max generalization bound.,Standard DL lacks theoretical generalization bounds for small - noisy EEG datasets.,ML_Principles,ML|Statistical_DSP,3,Requires applying NTK theory to derive generalization bounds and architecture principles for EEG.,Neuro|ML|Math,NTK theory applies to infinite-width networks. EEG datasets are small - making finite-width NTK approximation hard.,BT-5,BT-4|BT-1,Public,100 subjects / 10h,TOPS-scale,No,Fundamental,MOABB|DANDI,NA,High,No,No,Yes,Yes,NA,No,medium,Sparse,High,High,Yes,H,ICML|NeurIPS|JMLR,H,Neural tangent kernel theory applied to derive generalization bounds and architecture principles for EEG.,H,M,H,5y,Theoretical DL,2,Kernel methods|Deep learning|Math,Yes,Computational cost|Approximation error|Theory-practice gap,NTK approximation fails to converge for finite-width EEG networks.,NTK for EEG (2022) ICML
BCI-ML_Principles-007,PAC-Bayes bounds for BCI, PAC-Bayes bounds for BCI decoders are too loose to provide practical generalization guarantees.,In: Training data. Out: Generalization bound. Const: High probability. Obj: Min bound tightness.,Standard PAC-Bayes bounds for BCI are >30% loose - offering no practical guidance.,ML_Principles,ML|Statistical_DSP,3,Requires developing tighter - data-dependent PAC-Bayes bounds specifically tailored for BCI decoders.,Neuro|ML|Stats,Standard PAC-Bayes uses worst-case priors. BCI data has specific structure that can tighten the bounds.,BT-5,BT-4|BT-1,Public,100 subjects / 10h,TOPS-scale,No,Fundamental,MOABB|BNCI,NA,High,No,No,Yes,Yes,NA,No,medium,Sparse,High,High,Yes,H,ICML|NeurIPS|COLT,H,Tighter - data-dependent PAC-Bayes generalization bounds specifically tailored for BCI decoders.,H,M,H,5y,Theoretical guarantees,2,Statistical learning theory|Math|ML,Yes,Optimization difficulty|Tightness|Complexity,PAC-Bayes bound remains >20% loose - failing to guide BCI architecture selection.,PAC-Bayes BCI (2023) ICML
BCI-ML_Principles-008,Symmetry-aware architectures for EEG,EEG data lacks explicit symmetry-aware architectures - missing out on inductive biases.,In: Raw EEG. Out: Features. Const: Symmetry-aware. Obj: Max data efficiency.,Standard architectures ignore EEG symmetries - requiring more data to learn.,ML_Principles,ML|DSP,3,Requires designing neural architectures that explicitly encode known EEG symmetries (e.g.  Hemispheric).,Neuro|ML|Math,EEG has known symmetries (e.g. Left-right motor). Standard CNNs must learn these from data wasting capacity.,BT-5,BT-4|BT-8,Public,100 subjects / 10h,TOPS-scale,No,Fundamental,MOABB|BNCI,NA,High,No,No,Yes,Yes,slow,No,medium,Sparse,High,High,Yes,H,NeurIPS|ICLR|IEEE TNNLS,H,Symmetry-aware neural architecture explicitly encoding hemispheric and spatial symmetries for EEG.,H,M,H,2y,Inductive biases,3,Group theory|Deep learning|Neuroscience,Yes,Implementation complexity|Accuracy drop|Compute cost,Symmetry-aware model fails to reduce data requirement by >20% compared to standard CNN.,Symmetry-aware EEG (2022) NeurIPS
BCI-ML_Principles-009,Causal inference in neural decoding,Standard ML decoders learn spurious correlations - failing under causal interventions.,In: Neural data. Out: Prediction. Const: Invariance to interventions. Obj: Max causal accuracy.,Decoder accuracy drops >30% when user changes cognitive strategy (intervention).,ML_Principles,ML|Statistical_DSP,3,Requires formulating neural decoding as a causal inference problem to learn invariant mechanisms.,Neuro|ML|Stats,Standard ML optimizes for predictive accuracy. Causal inference requires learning invariant mechanisms under interventions.,BT-5,BT-8|BT-4,Public,100 subjects / 10h,TOPS-scale,No,Fundamental,MOABB|Private data,NA,High,No,Yes,Yes,Yes,mixed,No,medium,Sparse,High,High,Yes,H,ICML|NeurIPS|Nature Machine Intelligence,H,Causal inference framework for neural decoding to learn invariant mechanisms robust to cognitive interventions.,H,M,H,5y,Robust BCI,3,Causal inference|Deep learning|Neuroscience,Yes,Identifiability|Compute cost|Lack of ground truth,Causal decoder fails to outperform correlational decoder on out-of-distribution tasks.,Causal BCI decoding (2023) ICML
BCI-ML_Principles-010,Meta-learning for few-shot BCI,Meta-learning for BCI fails to generalize across different BCI paradigms (e.g. MI to SSVEP).,In: Source paradigms. Out: Fast adaptation. Const: <5 shots. Obj: Max cross-paradigm accuracy.,Meta-learned initializations fail to adapt to new paradigms with <5 shots.,ML_Principles,ML|Statistical_DSP,3,Requires developing cross-paradigm meta-learning principles that capture universal neural representations.,Neuro|ML|Math,Standard meta-learning assumes similar tasks. BCI paradigms (MI/ SSVEP/ P300) have fundamentally different neural signatures.,BT-5,BT-1|BT-8,Public,100 subjects / 10h,TOPS-scale,No,Fundamental,MOABB|BNCI,NA,High,No,No,Yes,Yes,slow,No,medium,Sparse,High,High,Yes,H,ICML|NeurIPS|IEEE TNSRE,H,Cross-paradigm meta-learning principle capturing universal neural representations for few-shot BCI adaptation.,H,H,H,2y,Few-shot BCI,3,Meta-learning|Deep learning|Neuroscience,Yes,Overfitting to source|Adaptation failure|Complexity,Meta-learned model fails to reach >70% accuracy in <5 shots for a new BCI paradigm.,Cross-paradigm meta-learning (2022) ICML
BCI-Statistical_DSP-001,Adaptive Kalman for drift,Kalman filters for BCI diverge when neural tuning curves drift slowly over days.,In: Neural features. Out: State. Const: Stable over weeks. Obj: Min drift error.,Decoder accuracy drops >20% after 1 week due to unmodeled neural drift.,Statistical_DSP,ML|DSP,3,Requires modeling slow neural drift as a stochastic process within the Kalman filter framework.,Neuro|Stats|ML,Standard Kalman filters assume static tuning. Neural drift violates this,BT-8,BT-5|BT-4,Public,10 subjects / 30 days,few-mW,Partial,Mixed,MOABB|Private chronic data,OpenVIBE,High,No,Yes,Yes,Yes,slow,Yes,medium,Crowded,High,Med,No,H,IEEE TNSRE|JNE,H,Adaptive Kalman filter framework that models slow neural tuning drift as a stochastic state process.,H,H,H,Now,Chronic BCIs,4,Kalman filtering|Neuroscience|Stats,Yes,Model mismatch|Overfitting|Computational cost,Filter divergence causes >20% accuracy drop after 1 week of chronic use.,Adaptive Kalman drift (2018) IEEE TNSRE|Shanechi (2017) Nature Neuroscience
BCI-Statistical_DSP-002,RLS on resource-constrained HW,Recursive Least Squares (RLS) is too computationally heavy for implantable adaptive decoders.,In: Neural data. Out: Weights. Const: <1mW. Obj: Max convergence speed.,RLS matrix inversion exceeds the power budget of implantable MCUs.,Statistical_DSP,Edge_DSP|ML,3,Requires developing fast - approximate RLS algorithms suitable for sub-mW implantable hardware.,Neuro|Stats|HW,RLS requires updating and inverting the correlation matrix. O(N^2) complexity is too heavy for implants.,BT-3,BT-6|BT-4,Public,50 subjects / 5h,sub-mW,No,Engineering,MOABB|BNCI,OpenVIBE,High,No,No,Yes,Yes,fast,No,medium,Crowded,Med,Med,No,M,IEEE TBME|EMBC,M,Computationally efficient approximate Recursive Least Squares algorithm for sub-mW implantable decoders.,M,H,M,Now,Implantable adaptive BCI,4,Adaptive filters|Embedded C|Linear algebra,Yes,Convergence speed|Approximation error|Stability,RLS power consumption exceeds 5mW on target implantable MCU.,Hardware RLS (2020) IEEE TBME
BCI-Statistical_DSP-003,Bayesian non-parametrics for spikes,Bayesian non-parametric spike sorters are too slow for real-time implantable processing.,In: Raw spikes. Out: Cluster assignments. Const: Real-time. Obj: Max clustering accuracy.,Gibbs sampling in Bayesian sorters takes >1s per batch -  unusable for real-time.,Statistical_DSP,FPGA|DSP,3,Requires developing fast -  deterministic approximations for Bayesian non-parametric spike sorting.,Neuro|Stats|Math,Bayesian non-parametrics (e.g.  HDP) rely on MCMC sampling. This is inherently sequential and slow.,BT-3,BT-4|BT-6,Public,100 ch / 1h,sub-mW,No,Fundamental,OpenNeuro|DANDI,Neuropixels,High,No,No,Yes,Yes,slow,No,high,Sparse,High,High,Yes,H,NeurIPS|IEEE TBioCAS,H,Fast deterministic approximation algorithm for Bayesian non-parametric spike sorting on implantable hardware.,H,H,H,5y,Real-time spike sorting,3,Bayesian stats|Optimization|DSP,Yes,Accuracy loss|Convergence failure|Complexity,Bayesian spike sorting latency exceeds 100ms per batch -  breaking real-time constraints.,Bayesian spike sorting (2021) NeurIPS
BCI-Statistical_DSP-004,Robust covariance for ASR,Artifact Subspace Reconstruction (ASR) fails when the clean EEG covariance matrix is poorly estimated.,In: Raw EEG. Out: Clean EEG. Const: Robust to outliers. Obj: Max artifact suppression.,ASR projects out neural signal when the baseline covariance is contaminated by artifacts.,Statistical_DSP,DSP|ML,3,Requires developing robust covariance estimators that are insensitive to high-amplitude artifacts.,Neuro|Stats|DSP,Standard ASR uses sample covariance. Artifacts inflate the variance causing ASR to reject neural signals.,BT-2,BT-8|BT-4,Public,100 subjects / 10h,few-mW,No,Mixed,PhysioNet|MOABB,OpenVIBE,High,No,No,Yes,Yes,fast,Yes,artifact_dominated,Crowded,Med,Med,No,M,IEEE TBME|JNE,M,Robust covariance estimation algorithm for Artifact Subspace Reconstruction insensitive to high-amplitude artifacts.,M,H,M,Now,Robust EEG DSP,4,Robust statistics|DSP|Signal processing,Yes,Computational cost|Bias introduction|Complexity,ASR removes >30% of neural signal due to contaminated baseline covariance.,Robust ASR (2019) IEEE TBME
BCI-Statistical_DSP-005,Adaptive beamforming on edge,LCMV beamforming on edge devices fails to track rapid source movements in real-time.,In: Raw EEG. Out: Source power. Const: <50ms. Obj: Max spatial resolution.,Beamformer weights become outdated during rapid cognitive state transitions.,Statistical_DSP,Edge_DSP|DSP,3,Requires developing fast adaptive weight update rules for edge beamformers tracking dynamic sources.,Neuro|Stats|DSP,Standard LCMV uses static weights. Rapid source dynamics require fast& computationally cheap weight updates.,BT-8,BT-3|BT-4,Public,50 subjects / 5h,few-mW,No,Engineering,MOABB|BNCI,OpenVIBE,High,No,No,Yes,Yes,fast,No,medium,Emerging,High,High,No,H,IEEE TBME|EMBC,H,Fast adaptive weight update algorithm for edge LCMV beamformers tracking rapid cognitive source dynamics.,H,H,M,2y,Dynamic source imaging,4,Beamforming|Adaptive filters|DSP,Yes,Tracking lag|Numerical instability|Power cost,Beamformer tracking lag exceeds 100ms during rapid state transitions.,Adaptive edge beamforming (2022) IEEE TBME
BCI-Statistical_DSP-006,Hidden Markov models for state transitions,HMMs for BCI state decoding suffer from state explosion and slow Viterbi decoding on edge.,In: Neural features. Out: State sequence. Const: Real-time. Obj: Max state accuracy.,Viterbi decoding latency exceeds 100ms for >10 hidden states on MCUs.,Statistical_DSP,Edge_DSP|ML,3,Requires developing hardware-efficient approximate Viterbi algorithms for real-time HMM decoding.,Neuro|Stats|HW,HMM Viterbi decoding is O(N^2 T). For many states this exceeds the latency budget of edge MCUs.,BT-3,BT-6|BT-4,Public,50 subjects / 10h,few-mW,No,Engineering,MOABB|BNCI,OpenVIBE,High,No,No,Yes,Yes,fast,No,medium,Crowded,Med,Med,No,M,IEEE TBME|EMBC,M,Hardware-efficient approximate Viterbi decoding algorithm for real-time HMM state tracking on edge MCUs.,M,H,M,Now,State decoding,4,HMM|Embedded C|DSP,Yes,Accuracy loss|Approximation error|Code size,Viterbi decoding latency exceeds 50ms for >10 hidden states on target MCU.,Hardware HMM (2020) IEEE TBME
BCI-Statistical_DSP-007,Online subspace tracking,Tracking the neural signal subspace online for dimensionality reduction is computationally heavy.,In: Streaming neural data. Out: Subspace basis. Const: <10ms. Obj: Max variance retained.,PCA subspace becomes outdated during non-stationary neural recordings.,Statistical_DSP,DSP|Edge_DSP,3,Requires developing fast & recursive subspace tracking algorithms (e.g.  Oja's rule) for edge DSPs.,Neuro|Stats|Math,Standard PCA requires batch processing. Online subspace tracking requires iterative updates & prone to drift.,BT-8,BT-3|BT-4,Public,100 subjects / 10h,few-mW,No,Engineering,PhysioNet|MOABB,OpenVIBE,High,No,No,Yes,Yes,fast,No,medium,Emerging,High,High,No,H,IEEE TBME|TSP,H,Fast recursive subspace tracking algorithm for online dimensionality reduction of non-stationary neural data.,H,H,M,2y,Online dimensionality reduction,4,Subspace tracking|DSP|Linear algebra,Yes,Subspace drift|Convergence speed|Numerical stability,Tracked subspace explains <80% of variance during non-stationary epochs.,Online subspace tracking (2021) IEEE TSP
BCI-Statistical_DSP-008,Non-stationary time-frequency analysis,Standard STFT fails to capture rapid non-stationary neural transients in real-time.,In: Neural signal. Out: Time-freq map. Const: High resolution. Obj: Max transient detection.,STFT smears rapid neural transients due to fixed window size.,Statistical_DSP,DSP|FPGA,3,Requires developing adaptive & high-resolution time-frequency representations for real-time edge DSP.,Neuro|Stats|DSP,STFT uses fixed windows. Neural transients require adaptive windows &  which are computationally complex.,BT-4,BT-3|BT-8,Public,50 subjects / 5h,few-mW,No,Fundamental,PhysioNet,OpenEphys,High,No,No,Yes,Yes,fast,No,medium,Sparse,High,High,Yes,H,IEEE TSP|TBioCAS,H,Adaptive & high-resolution time-frequency analysis algorithm for real-time detection of non-stationary neural transients.,,H,H,2y,Time-frequency DSP,4,Signal processing|DSP|Math,Yes,Computational cost|Resolution trade-off|Latency,STFT fails to resolve transients shorter than 50ms without smearing.,Adaptive time-freq (2020) IEEE TSP
BCI-Statistical_DSP-009,Sequential Monte Carlo for neural decoding,Particle filters for neural decoding suffer from particle depletion in high dimensions.,In: Neural data. Out: State estimate. Const: Real-time. Obj: Min estimation error.,Particle filter weights degenerate rapidly &  causing filter collapse in >10D state spaces.,Statistical_DSP,ML|DSP,3,Requires developing advanced proposal distributions or resampling techniques for high-dimensional neural PFs.,Neuro|Stats|Math,Standard particle filters use prior proposals. In high dimensions & this leads to severe weight degeneracy.,BT-5,BT-4|BT-8,Public,50 subjects / 10h,TOPS-scale,No,Fundamental,MOABB|Private data,NA,High,No,No,Yes,Yes,fast,No,medium,Sparse,High,High,Yes,H,IEEE TSP|NeurIPS,H,Advanced proposal distribution and resampling technique for high-dimensional particle filter neural decoding.,H,M,H,5y,Advanced state estimation,3,Particle filters|Stats|Deep learning,Yes,Computational cost|Weight degeneracy|Complexity,Particle filter collapses (ESS < 10) in state spaces >10 dimensions.,High-dim particle filter (2022) IEEE TSP
BCI-Statistical_DSP-010,Adaptive notch filtering for line noise,Standard notch filters distort neural signals near the line noise frequency.,In: Raw EEG. Out: Clean EEG. Const: Min distortion. Obj: Max line noise suppression.,Notch filter causes >3dB attenuation of neural signals within 5Hz of line noise.,Statistical_DSP,DSP|Edge_DSP,3,Requires developing adaptive & narrow-bandwidth notch filters that track line noise without distorting neural signals.,Neuro|Stats|DSP,Standard notch filters have fixed -  wide bandwidths. Line noise varies slightly  requiring adaptive tracking.,BT-4,BT-8|BT-6,Public,100 subjects / 10h,few-mW,No,Engineering,PhysioNet|MOABB,OpenBCI,Med,No,No,Yes,Yes,fast,No,artifact_dominated,Crowded,Med,Med,No,M,IEEE TBME|EMBC,M,Adaptive - narrow-bandwidth notch filtering algorithm that tracks line noise without distorting nearby neural signals.,M,H,M,Now,Clean EEG,4,Adaptive filters|DSP|Signal processing,Yes,Tracking speed|Distortion|Stability,Notch filter causes >1dB attenuation of neural signals within 2Hz of line noise.,Adaptive notch (2019) IEEE TBME
