name,country,founded,tier,segment,modality,application,value-chain position,maturity,business model,last_funding_round,valuation,source_urls,confidence
BrainCo,China/USA,2015,Q1,Non-Invasive,EEG,Consumer/Education/Medical,Hardware/ML,Commercial,B2B/B2C Hardware,"2026, $286.6M, IDG Capital, Walden",~$1B+ [Estimate],https://www.neurofounders.co/articles/gestala-raises-62m-and-builds-chinese-bci-super-factory,A
Neuracle,China,2011,Q1,Invasive/Semi-Invasive,EEG,Medical,Hardware/Platform,Commercial,B2B Medical Device,"2026, Not Disclosed, Not Disclosed",$520M-$580M [Estimate],https://www.neurofounders.co/articles/gestala-raises-62m-and-builds-chinese-bci-super-factory https://www.qclnews.com/neuracle-tech-inc-neo-system-approved-for-market/ https://www.business-standard.com/article/companies/china-s-borui-kang-gets-nmpa-approval-for-first-of-its-kind-invasive-bci-device-220313000819_1.html,A
StairMed,China,2020,Q2,Hybrid (Semi-Invasive),ECoG/EEG,Medical,Hardware/Platform,Clinical,B2B Medical Device,"2026, $72.5M, Alibaba, Tencent",$480M-$730M [Estimate],https://tracxn.com/d/companies/stairmed https://www.qclnews.com/stairmed-secures-500-million-rmb-strategic-financing-led-by-alibaba/ https://www.pandaily.com/stairmed-secures-500-million-rmb-in-series-c-financing-led-by-alibaba/,A
Gestala,China,2025,Q2,Non-Invasive,Ultrasound,Medical/NeuroAI,Hardware/Platform,Preclinical,B2B Medical Device,"2026, $62M, Meridian Capital",$250M-$410M [Estimate],https://www.neurofounders.co/articles/gestala-raises-62m-and-builds-chinese-bci-super-factory https://www.qclnews.com/gestala-raises-record-setting-570-million-renminbi-seed-round/ https://www.scmp.com/tech/big-tech/article/3261585/chinas-gestala-raises-80m-angel-round-pioneer-ultrasound-bci-platform,B
Zhiran Medical (BCIFlex),China,2022,Q2,Invasive,EEG,Medical,Hardware/Platform,Preclinical,B2B Medical Device,"2026, $42M, CAS Star, Legend Capital",$210M-$350M [Estimate],https://www.qclnews.com/zhiran-medical-raises-42-million-series-a-round/ https://www.neurofounders.co/articles/gestala-raises-62m-and-builds-chinese-bci-super-factory,A
NeuroXess,China,2021,Q2,Invasive,EEG,Medical,Hardware/Platform,Preclinical,B2B Medical Device,"2026, $14.7M, Not Disclosed",$120M-$220M [Estimate],https://www.qclnews.com/neuroxess-announces-domestically-produced-wireless-bci/ https://www.neurofounders.co/articles/gestala-raises-62m-and-builds-chinese-bci-super-factory,B
Shenfu Jianxing,China,2023,Q2,Hybrid,EEG/EMG,Rehab/Medical,Hardware/App,Preclinical,B2B/B2C Hardware,"2024, $44M, Various VCs",unknown,https://www.linkedin.com/posts/dermotmcg_shenfu-jianxing-%E7%A5%9E%E5%A4%8D%E5%81%A5%E8%A1%8C-just-raised-44m-activity-7471550317780680704-Cw9L,B
Aoyi Tech (OYMotion),China,Unknown,Q2,Hybrid,EEG,Medical/Consumer,Hardware/Service,Commercial,B2C Service/Hardware,"2025, $14M, Infinity Capital",$140M-$260M [Estimate],https://www.qclnews.com/aoyi-tech-oymotion-raises-14-million-series-b-investment-round/ https://www.neurofounders.co/articles/gestala-raises-62m-and-builds-chinese-bci-super-factory,A
Active Technology,China,2020,Q3,Non-Invasive,EEG,Research,Hardware,Preclinical,B2B Hardware,"2026, $46M, Canon MIRAI Fund",unknown,https://www.linkedin.com/posts/startup-researcher-asia_bci-medtech-funding-activity-7490260997212123136-OkPM,B
Bo Rui Kang Tech,China,2011,Q2,Invasive/Semi-Invasive,EEG,Medical,Hardware/Platform,Commercial,B2B Medical Device,"2024, Not Disclosed, Sequoia China",$520M-$580M [Estimate],https://www.qclnews.com/neuracle-tech-inc-neo-system-approved-for-market/ https://www.biorobtics.com.br/wp-content/uploads/2024/07/Bo-Rui-Kang-Tech-Co.-Ltd.pdf,A
Jieti Medical,China,2021,Q3,Invasive,EEG,Medical,Hardware/Platform,Preclinical,B2B Medical Device,"unknown, unknown, unknown",unknown,https://www.qclnews.com/zhiran-medical-raises-42-million-series-a-round/,C
Mindverse,China,2018,Q3,Hybrid,EEG/VR/Robotics,Rehab/Medical,Hardware/App,Commercial,B2B/B2C Hardware,"unknown, unknown, unknown",unknown,https://www.qclnews.com/zhiran-medical-raises-42-million-series-a-round/,C
Huachao Shenkong,China,Unknown,Q3,Non-Invasive,Ultrasound,Medical/Rehab,Hardware/Platform,Preclinical,B2B Medical Device,"2026, >$100M, Matrix Partners",unknown,https://www.qclnews.com/zhiran-medical-raises-42-million-series-a-round/,B
Weiling Medical,China,Unknown,Q3,Invasive,EEG,Medical,Hardware/Platform,Preclinical,B2B Medical Device,"2026, undisclosed, Junzhong Capital",unknown,https://www.qclnews.com/zhiran-medical-raises-42-million-series-a-round/,C
Futong Huizhi,China,Unknown,Q3,Invasive,EEG,Medical,Hardware/Platform,Preclinical,B2B Medical Device,"2026, undisclosed, Junzhong Capital",unknown,https://www.qclnews.com/zhiran-medical-raises-42-million-series-a-round/,C
Xi'an Qiongding Medical,China,Unknown,Q3,Invasive,EEG,Medical,Hardware/Platform,Preclinical,B2B Medical Device,"2026, undisclosed, Botuo Brain-Computer Interface Fund",unknown,https://www.qclnews.com/zhiran-medical-raises-42-million-series-a-round/,C
Brainsmart Technology,China,Unknown,Q3,Invasive,EEG,Medical,Hardware/Platform,Preclinical,B2B Medical Device,"2026, >$10M, Kangjun Capital",unknown,https://www.qclnews.com/zhiran-medical-raises-42-million-series-a-round/,B
Lingxi Cloud,China,Unknown,Q3,Non-Invasive,EEG,Research/Industrial,ML/Platform,Commercial,B2B Software/API,"2026, ≈$14.7M, Not Disclosed",unknown,https://www.qclnews.com/zhiran-medical-raises-42-million-series-a-round/,B
CASIBrain ,China,Unknown,Q3,Non-Invasive,EEG/fNIRS,Medical/Research,Hardware/Platform,Commercial,B2B Medical Device,"2026, undisclosed, Sanze Ventures",unknown,https://www.qclnews.com/zhiran-medical-raises-42-million-series-a-round/,C
Maikewei Medical,China,Unknown,Q3,Non-Invasive,EEG/tACS,Medical/Research,Hardware/Platform,Commercial,B2B/B2C Hardware,"2026, undisclosed, Daotong Investment",unknown,https://www.qclnews.com/zhiran-medical-raises-42-million-series-a-round/,C
Ybrain,South Korea,2013,Q2,Hybrid,tDCS/EEG,Medical/Mental Health,Hardware/App,Commercial,B2B Medical Device,"2025, Grants (~6B KRW), Ceragem",unknown,https://tracxn.com/d/companies/ybrain https://www.koreatimes.co.kr/www/nation/2024/05/211_370688.html,A
Araya Inc.,Japan,2011,Q2,Non-Invasive,EEG,Research/Industrial,ML/Platform,Commercial,B2B Software/API,"unknown, unknown, unknown",unknown,https://tracxn.com/d/companies/araya-inc,B
Ivec Inc.,Japan,2025,Q3,Minimally Invasive,EEG,Medical,Hardware/Platform,Preclinical,B2B Medical Device,"unknown, unknown, unknown",unknown,https://www.scmp.com/tech/biotech/article/3274928/japan-ivec-inc-developing-new-vascular-bci-system,B
"Mesotron, Inc.",Japan,unknown,Q3,Non-Invasive,EEG,Medical/Welfare/Defense,Hardware/ML,Preclinical,B2B/B2C Hardware,"2026, undisclosed, Incubate Fund",unknown,https://www.scmp.com/tech/biotech/article/3274928/japan-ivec-inc-developing-new-vascular-bci-system,B
JiMED Inc.,Japan,unknown,Q3,Invasive,EEG,Medical,Hardware/Platform,Preclinical,B2B Medical Device,"2025, $2.29M, Kyoto iCAP",unknown,https://www.scmp.com/tech/biotech/article/3274928/japan-ivec-inc-developing-new-vascular-bci-system,B
Ruten Inc.,Japan,2023,Q3,Invasive,EEG,Medical,Hardware/Platform,Preclinical,B2B Medical Device,"2026, $2M, Coral Capital",unknown,https://www.scmp.com/tech/biotech/article/3274928/japan-ivec-inc-developing-new-vascular-bci-system,B
LIFESCAPES Inc.,Japan,unknown,Q3,Non-Invasive,EEG/Exoskeleton,Medical/Rehab,Hardware/Platform,Commercial,B2B Medical Device,"2024, cumulative orders for 20 units, Shionogi",unknown,https://www.scmp.com/tech/biotech/article/3274928/japan-ivec-inc-developing-new-vascular-bci-system,B
Neiry,Russia,2018,Q2,Non-Invasive,EEG,Consumer/VR/eSports,Hardware/ML,Commercial,B2B/B2C Hardware/Data,"2021, $7.35M, Various",$25M-$50M,https://tracxn.com/d/companies/neiry,A
Neurobotics,Russia,2011,Q3,Non-Invasive,EEG/EMG,Medical/Rehab,Hardware/Platform,Commercial,B2B Hardware/Software,"unknown, unknown, unknown",unknown,https://www.labiotech.eu/best-biotech/neurotech-startups-russia/,B
Neurostyle Pte Ltd,Singapore,2012,Q3,Non-Invasive,EEG/EMG,Medical/Rehab,Hardware/Platform,Scaled,B2B Hardware,unfunded,Public,https://www.tracxn.com/companies/neurostyle-pteltd,A
BrainiFit Company Limited,Thailand,2022,Q3,Non-Invasive,EEG/Neurofeedback,Medical/Rehab,Hardware/Platform,Commercial,B2B/B2C Hardware,"2022, undisclosed, NSTDA",unknown,https://www.scmp.com/tech/biotech/article/3274928/japan-ivec-inc-developing-new-vascular-bci-system,C
Neeuro,Singapore,2013,Q3,Non-Invasive,EEG,Consumer/Wellness/Mental Health,Hardware/ML,Commercial,B2B/B2C Hardware,"undisclosed, undisclosed, undisclosed",unknown,https://tracxn.com/d/companies/neeuro,A
Omni-Intelligence,China,Unknown,Q3,Non-Invasive,Ultrasound,Medical/Rehab,Hardware/Platform,Preclinical,B2B Medical Device,"2026, undisclosed, Yuansheng Capital",unknown,https://www.qclnews.com/zhiran-medical-raises-42-million-series-a-round/,C
SynPhNe Pte. Ltd.,Singapore,Unknown,Q3,Non-Invasive,EEG/EMG,Medical/Rehab,Hardware/Platform,Commercial,B2B/B2C Hardware,"2024, $5M, undisclosed",unknown,https://www.qclnews.com/zhiran-medical-raises-42-million-series-a-round/,B
