Journal,Publisher,Thematic Area / Target Domains,Quartile,APC / APC_USD,Timelines / Time to First Decision,Indexing,Data/Code Policy / Requirements,Self-Archiving Policy,Limits / Page Limits,PhD/Industry Relevance,Realism for Bachelor,Recommendation / Strategic Fit / Notes,,
Mathematical Neuroscience and Applications (MNA),Episciences,Mathematical modeling in neuroscience | Math modeling in neuroscience,"Q1 (Scopus), DOAJ",$0 (diamond open access) | $0,unknown,"Scopus, DOAJ, arXiv",unknown,unknown,unknown,High (PhD),High,Ideal for students without funding, mathematical neuroscience | Diamond OA, ideal if no funding.
Cerebral Cortex,Oxford University Press,Structure and function of cerebral cortex | Cortex structure and function,Q1,unknown,unknown,unknown,unknown,unknown,unknown,Very High (PhD),Very Low,Highly competitive, unlikely for bachelor first-author | Highly competitive, not first target.
Neuromorphic Computing and Engineering,unknown,Neuromorphic computing; neuroscience; hardware; AI,Q1 (Scopus),~£2000 / £2300 / £2700; also £2410 / £2765 / $3325 with possible discounts,~17-20 weeks,"Scopus, Web of Science, DOAJ, Inspec, SJR",Encourages public data sharing,unknown,unknown,unknown,unknown,Ideal for hardware/neuroscience intersection; strong Q1 target,,
Human Brain Mapping,Wiley,Brain mapping,Q1,unknown,unknown,unknown,unknown,unknown,unknown,Very High (PhD),Low,Competitive.,,
PLoS Computational Biology,PLOS,Computational biology|Neuroscience,Q1,unknown,unknown,unknown,Mandatory,unknown,unknown,Very High (PhD),Low-Medium,Strong but competitive.,,
NeuroImage,Elsevier,Neuroimaging,Q1,unknown,unknown,unknown,unknown,unknown,unknown,Very High (PhD),Low,Top neuroimaging journal.,,
Pattern Recognition,Elsevier,ML|Pattern recognition,Q1,unknown,unknown,unknown,unknown,unknown,unknown,Very High (PhD/Industry),Low,Highly competitive.,,
Neural Networks,Elsevier,Neural networks,Q1,unknown,unknown,unknown,unknown,unknown,unknown,Very High (PhD),Low,Top neural networks journal.,,
Machine Learning,Springer,ML theory,Q1/Q2,unknown,unknown,unknown,unknown,unknown,unknown,Very High (PhD),Low,Theory focused.,,
