"Journal","Publisher","Thematic Area / Target Domains","Quartile","APC / APC_USD","Timelines / Time to First Decision","Indexing","Data/Code Policy / Requirements","Self-Archiving Policy","Limits / Page Limits","PhD/Industry Relevance","Realism for Bachelor","Recommendation / Strategic Fit / Notes"
"Mathematical Neuroscience and Applications (MNA)","Episciences","Mathematical modeling in neuroscience | Math modeling in neuroscience","Q1 (Scopus), DOAJ","$0 (diamond open access) | $0","unknown","Scopus, DOAJ, arXiv","unknown","unknown","unknown","High (PhD)","High","Ideal for students without funding; mathematical neuroscience | Diamond OA; ideal if no funding."
"Neuromorphic Computing and Engineering","unknown","Neuromorphic computing; neuroscience; hardware; AI","Q1 (Scopus)","~£2000 / £2300 / £2700; also £2410 / £2765 / $3325 with possible discounts","~17-20 weeks","Scopus, Web of Science, DOAJ, Inspec, SJR","Encourages public data sharing","unknown","unknown","unknown","unknown","Ideal for hardware/neuroscience intersection; strong Q1 target"
"Journal of Computational Neuroscience","Springer","Computational neuroscience; cognitive neuroscience; neural sensory systems | Computational neuroscience|Neural dynamics|Sensory modeling","Q3/Q4 (Scopus)","unknown","~168-208 days (submission-publication)","Scopus, Web of Science, PubMed, Embase","Encourages public data sharing","unknown","unknown","High (PhD)","Medium-High","Realistic target for original computational methods | Realistic if original computational method."
"Neurocomputing","Elsevier","Neural networks; learning; AI; hardware/software | Neural networks|ML|AI|Hardware/Software","Q1 (Scopus)","~$2,930 USD (hybrid) | ~$2,930 hybrid","~3 months (submission-acceptance)","Scopus, Web of Science, ScienceDirect","Encourages public data sharing","Green OA allowed","No fixed limit","High","Medium-High","Strong for methodological/software contribution; has Software Section | Has Software Section; strong CV signal."
"Frontiers in Computational Neuroscience","unknown","Computational neuroscience; neural networks; EEG; AI","Q1 (Scopus)","3150 CHF (~$3,850); discounts available","~104 days (submission-publication)","Scopus, Web of Science, DOAJ, PubMed","Requires public data/code","unknown","Original research up to 12,000 words","unknown","unknown","Good Q1 option; some academic criticism of Frontiers"
"MATCH Communications in Mathematical and in Computer Chemistry","University of Kragujevac","Mathematics; computer chemistry; applied mathematics | Math|Computer chemistry","Q3 (Scopus) | Q3 (Scopus/WoS)","unknown","unknown","Web of Science; Scopus status questioned in one source","unknown","unknown","unknown","Medium","Medium","Niche for interdisciplinary chemistry/math work | Niche interdisciplinary venue."
"Chip","Elsevier","Integrated circuits; neuromorphic computing; AI; edge computing | Integrated circuits|Neuromorphic|Edge computing","unknown","$2,000 (without taxes) | $2,000","3 days first decision; 41 days acceptance; 87 days publication | ~3 days first decision; ~87 days publication","Scopus, ScienceDirect","Encourages public data sharing","unknown","unknown","High (Industry)","High","New / Scopus; Very fast; ideal for hardware projects | Very fast."
"Journal of Edge Computing","unknown","Edge computing | Edge computing","unknown","$0 (diamond open access) | $0","Fast editorial response; publication within weeks claimed | Fast","DOAJ","unknown","unknown","unknown","Medium","High","Fast diamond OA; good deadline option | Diamond OA; fast publication claims."
"Biological Cybernetics","Springer","Theoretical information processing in organisms; computational neuroscience; modeling | Theoretical/computational neuroscience|Modeling","Q3 (Scopus)","unknown","~208 days (submission-publication)","Scopus, Web of Science, Chemical Abstracts, Zentralblatt für Mathematik","unknown","Green Open Access; repository after embargo | Green OA (embargo)","unknown","High (PhD)","Medium","Suitable for computational models of neural processes | Stable niche journal."
"Network Neuroscience","MIT Press","Brain network organization; neuroscience; AI; applied mathematics | Brain networks|Network science|AI","Q1 (Scopus)","$2,250; waivers available | $2,250 (waivers possible)","~16 weeks (submission-publication)","Scopus, Web of Science, MEDLINE, PubMed","Strongly encourages public data; mandatory for new tools","unknown","Research articles up to 6,000 words | 6,000 words","High (PhD)","Low-Medium","Strong for network science methods | Strong for network-based methods."
"Cerebral Cortex","Oxford University Press","Structure and function of cerebral cortex | Cortex structure and function","Q1","unknown","unknown","unknown","unknown","unknown","unknown","Very High (PhD)","Very Low","Highly competitive; unlikely for bachelor first-author | Highly competitive; not first target."
"IEEE Transactions on Neural Networks and Learning Systems (TNNLS)","unknown","Neural networks and learning systems","Q1","unknown","8-16 weeks review","unknown","unknown","unknown","unknown","unknown","unknown","Highly competitive; acceptance ~18%; not first target"
"IEEE Transactions on Cybernetics","IEEE","Computational intelligence; cybernetics | Computational intelligence|Cybernetics","Q1","unknown","unknown","unknown","unknown","unknown","unknown","Very High (PhD)","Low","Ambitious Q1 target | Ambitious; needs strong PI support."
"IEEE Journal of Translational Engineering in Health and Medicine","IEEE","Applied medical technology","Q2/Q3","unknown","unknown","unknown","unknown","unknown","unknown","High (Industry)","Medium","Applied medical technology option | Applied health-tech option."
"IEEE Access","unknown","Broad engineering and computer science","Q2 (Web of Science)","$2,160 + taxes","4-6 weeks (submission-publication)","Scopus, Web of Science","Requires public data","unknown","No limit; recommended <20 pages","unknown","unknown","Fast CV publication; less prestigious for career growth"
"Computers (MDPI)","MDPI","Computer architecture; human-computer interaction | Computer architecture|HCI","Q2 (Scimago)","~$2,600","15.4 days first decision; 3.9 days publication (as document) | ~15.4 days first decision","Scopus, ESCI, dblp, Inspec, Ei Compendex","unknown","Green OA allowed","No strict limit","Medium","High","Fast MDPI alternative; some communities cautious | Fast; some communities cautious."
"AI (MDPI)","MDPI","Artificial intelligence; machine learning; robotics | AI|ML|Robotics","Q1 (Scopus)","~$2,600","19.2 days first decision; 3.9 days publication | ~19.2 days first decision","Scopus, ESCI (Web of Science)","unknown","Green OA allowed","No strict limit","Medium","High","Fast MDPI alternative | Fast; verify scope fit."
"Mathematics (MDPI)","MDPI","Applied mathematics; computational mathematics; algorithms | Applied/computational math|Algorithms","Q1 (Scimago) | Q1 (Scimago), WoS","~$2,550 USD; discounts available | ~$2,550","unknown","Scopus, Web of Science, zbMATH, Google Scholar","Mandatory data availability statement; new code public | Data availability statement required","Green OA allowed","No length restrictions if complete | No length limit","Medium","High","Good universal mathematics option | No length limit; data statement required."
"Applied Mathematics and Computer Science","De Gruyter","Machine learning; modeling; optimization; data analysis | ML|Modeling|Optimization|Data analysis","Q2/Q3 (Scopus/Web of Science) | Q2/Q3","unknown","unknown","Web of Science, Scopus","unknown","unknown","unknown","Medium","Medium-High","Realistic mathematics/computer science target | Realistic math/CS target."
"Journal of Neural Engineering","unknown","Neural engineering","unknown","unknown","unknown","unknown","unknown","unknown","unknown","unknown","unknown","Relevant for neural engineering"
"Frontiers in Neuroinformatics","Frontiers","Neuroinformatics; software; data tools | Neuroinformatics|Tools|Data pipelines","Q2","~$3,000+","unknown","unknown","unknown","unknown","unknown","High (PhD)","Medium","Good for software/data tools | Good for software/tool papers."
"Computational Intelligence and Neuroscience","Hindawi/Wiley","Computational intelligence; neuroscience","unknown","unknown","unknown","unknown","unknown","unknown","unknown","Medium","Medium","Relevant interdisciplinary option | Verify current indexing and reputation."
"Mathematics and Computers in Simulation","Elsevier","Simulation; modeling; applied mathematics | Simulation|Modeling|Applied math","Q2/Q3","unknown","unknown","unknown","unknown","unknown","unknown","Medium","Medium","Good for simulation-based work"
"Sensors (MDPI)","unknown","Sensors; hardware","unknown","unknown","unknown","unknown","unknown","unknown","unknown","unknown","unknown","If solution involves sensing"
"IEEE Systems, Man, and Cybernetics Letters","IEEE","Systems; man; cybernetics | Short papers","Q3/Q2","unknown","unknown","unknown","unknown","unknown","Short papers up to 5 pages | Up to 5 pages","High (Industry)","High","Good for short results/new ideas | Good for quick results."
"Minnesota Journal of Undergraduate Mathematics","University of Minnesota","Undergraduate mathematics","unknown","Free","unknown","unknown","unknown","unknown","unknown","Low","Very High","Safe student mathematics journal | Safe student venue."
"Journal of Computational Electronics","Springer","Computational electronics; hardware simulation | Computational electronics|Device simulation","Q3","unknown","unknown","unknown","unknown","unknown","unknown","Medium","Medium","Hardware simulation option | Hardware simulation niche."
"The Journal of Emerging Investigators (JEI)","JEI","Student research; emerging investigators | Student research","unknown","Free (according to document) | Free","8-12 weeks","unknown","unknown","unknown","unknown","Low-Medium","Very High","Excellent first publication for a bachelor; limited impact in large research communities | Good first publication; limited prestige."
"SIAM Undergraduate Research Online (SIURO)","unknown","Applied and computational mathematics; student research","unknown","$0 (full open access)","unknown","Scopus, DOAJ, ERIC","unknown","unknown","Practically no restrictions","unknown","unknown","Safe student option; requires written confirmation from supervisor"
"Involve: A Journal of Mathematics","MSP","Student research; mathematics | Student-involved mathematics","Q1 (Scopus)","Discounts available; APC applies | Discounts","unknown","MathSciNet, Zentralblatt MATH","unknown","unknown","unknown","Medium","High","Good student mathematics journal; requires genuine mathematical contribution | Indexed in MathSciNet and Zentralblatt."
"PLOS ONE","PLOS","Multidisciplinary megajournal | Multidisciplinary","unknown","~$1,800+","unknown","unknown","Mandatory public data deposition","unknown","No strict length limit; complete article recommended | No strict limit","Medium","High","Backup megajournal; methodologically correct work accepted | Backup; judges soundness, not novelty."
"Scientific Reports","Springer Nature","Multidisciplinary megajournal | Broad science","unknown","From about $1,800 (document) | ~$1,800+","unknown","unknown","unknown","unknown","unknown","Medium","High","Backup megajournal; high volume"
"PeerJ","PeerJ","Multidisciplinary megajournal | Life/environment/CS","unknown","Varies","unknown","unknown","unknown","unknown","unknown","Medium","High","Backup megajournal"
"PeerJ Computer Science","PeerJ","Computer science megajournal | Computer science","unknown","Varies","unknown","unknown","unknown","unknown","unknown","Medium","High","Backup for computer science | Backup for CS work."
"Neural Computation","MIT Press","Computational neuroscience|Neural modeling","Q2/Q3","unknown","unknown","unknown","unknown","unknown","unknown","High (PhD)","Medium","Solid theoretical venue."
"PLoS Computational Biology","PLOS","Computational biology|Neuroscience","Q1","unknown","unknown","unknown","Mandatory","unknown","unknown","Very High (PhD)","Low-Medium","Strong but competitive."
"NeuroImage","Elsevier","Neuroimaging","Q1","unknown","unknown","unknown","unknown","unknown","unknown","Very High (PhD)","Low","Top neuroimaging journal."
"Human Brain Mapping","Wiley","Brain mapping","Q1","unknown","unknown","unknown","unknown","unknown","unknown","Very High (PhD)","Low","Competitive."
"Brain Informatics","Springer","Brain data|AI","Q2/Q3","unknown","unknown","unknown","unknown","unknown","unknown","High (PhD)","Medium","Interdisciplinary."
"Frontiers in Neuroscience","Frontiers","Broad neuroscience","Q2","unknown","unknown","unknown","unknown","unknown","unknown","High (PhD)","Medium","Broad scope."
"IEEE Transactions on Very Large Scale Integration (VLSI) Systems","IEEE","VLSI|Hardware","Q1/Q2","unknown","unknown","unknown","unknown","unknown","unknown","Very High (PhD/Industry)","Low-Medium","Strong hardware venue."
"IEEE Transactions on Circuits and Systems II","IEEE","Circuits and systems","Q2","unknown","unknown","unknown","unknown","unknown","unknown","High (PhD)","Medium","Good for circuit briefs."
"ACM Transactions on Embedded Computing Systems","ACM","Embedded systems","Q2","unknown","unknown","unknown","unknown","unknown","unknown","High (Industry/PhD)","Medium","Solid embedded venue."
"ACM Transactions on Reconfigurable Technology and Systems","ACM","FPGA|Reconfigurable computing","Q2","unknown","unknown","unknown","unknown","unknown","unknown","High (Industry/PhD)","Medium","FPGA niche."
"Microprocessors and Microsystems","Elsevier","Embedded|Hardware","Q3","unknown","unknown","unknown","unknown","unknown","unknown","Medium","Medium","Practical hardware."
"Integration, the VLSI Journal","Elsevier","VLSI design","Q3","unknown","unknown","unknown","unknown","unknown","unknown","Medium","Medium","VLSI design."
"Digital Signal Processing","Elsevier","DSP","Q2/Q3","unknown","unknown","unknown","unknown","unknown","unknown","High (PhD)","Medium","DSP focused."
"Signal Processing","Elsevier","Signal processing","Q1/Q2","unknown","unknown","unknown","unknown","unknown","unknown","High (PhD)","Low-Medium","Strong DSP journal."
"EURASIP Journal on Advances in Signal Processing","SpringerOpen","DSP","Q2/Q3","unknown","unknown","unknown","unknown","unknown","unknown","Medium","Medium","Open access DSP."
"Neural Networks","Elsevier","Neural networks","Q1","unknown","unknown","unknown","unknown","unknown","unknown","Very High (PhD)","Low","Top neural networks journal."
"Pattern Recognition","Elsevier","ML|Pattern recognition","Q1","unknown","unknown","unknown","unknown","unknown","unknown","Very High (PhD/Industry)","Low","Highly competitive."
"Machine Learning","Springer","ML theory","Q1/Q2","unknown","unknown","unknown","unknown","unknown","unknown","Very High (PhD)","Low","Theory focused."
"Applied Sciences (MDPI)","MDPI","Broad engineering","Q2","~$2,600","2-4 weeks","unknown","Recommended","Green OA allowed","No strict limit","Medium","High","Fast broad engineering."
"Heliyon","Elsevier","Multidisciplinary","unknown","unknown","unknown","unknown","unknown","unknown","unknown","Medium","High","Megajournal."
"Results in Engineering","Elsevier","Engineering results","Q2/Q3","unknown","unknown","unknown","unknown","unknown","unknown","Medium","High","Engineering results."
